scenario,group,mode,maxError,mae,horizon0,horizon2,informationHorizon0,stateBits,totalBits
transfer,transfer,full,0,0,16,16,16,32,149
transfer,transfer,sum,0,0,16,16,16,16,133
transfer,transfer,approx,0,0,16,16,16,24,141
transfer,transfer,repaired,0,0,16,16,16,32,149
add,add,full,0,0,16,16,16,32,149
add,add,sum,0,0,16,16,16,16,133
add,add,approx,0,0,16,16,16,24,141
add,add,repaired,0,0,16,16,16,32,149
interaction,interaction,full,0,0,16,16,16,32,149
interaction,interaction,sum,112,28,0,0,0,16,133
interaction,interaction,approx,48,12,0,0,0,24,141
interaction,interaction,repaired,0,0,16,16,16,32,149
safe,safe,full,0,0,16,16,16,32,149
safe,safe,sum,0,0,16,16,16,16,133
safe,safe,approx,0,0,16,16,16,24,141
safe,safe,repaired,0,0,16,16,16,32,149
boundary,boundary,full,0,0,16,16,16,32,149
boundary,boundary,sum,98,21.61764705882353,2,2,2,16,133
boundary,boundary,approx,42,9.264705882352942,2,2,2,24,141
boundary,boundary,repaired,0,0,16,16,16,32,149
mixed-00,mixed,full,0,0,16,16,16,32,149
mixed-00,mixed,sum,14,3.5294117647058822,0,0,0,16,133
mixed-00,mixed,approx,12,2.1176470588235294,0,0,0,24,141
mixed-00,mixed,repaired,0,0,16,16,16,32,149
mixed-01,mixed,full,0,0,16,16,16,32,149
mixed-01,mixed,sum,18,3.4705882352941178,4,4,4,16,133
mixed-01,mixed,approx,22,5.882352941176471,4,4,4,24,141
mixed-01,mixed,repaired,0,0,16,16,16,32,149
mixed-02,mixed,full,0,0,16,16,16,32,149
mixed-02,mixed,sum,7,0.4411764705882353,0,0,0,16,133
mixed-02,mixed,approx,15,1.6764705882352942,0,0,0,24,141
mixed-02,mixed,repaired,0,0,16,16,16,32,149
mixed-03,mixed,full,0,0,16,16,16,32,149
mixed-03,mixed,sum,18,3.9558823529411766,3,3,3,16,133
mixed-03,mixed,approx,22,6.911764705882353,3,3,3,24,141
mixed-03,mixed,repaired,0,0,16,16,16,32,149
mixed-04,mixed,full,0,0,16,16,16,32,149
mixed-04,mixed,sum,10,3.4705882352941178,0,0,0,16,133
mixed-04,mixed,approx,18,3.7941176470588234,0,0,0,24,141
mixed-04,mixed,repaired,0,0,16,16,16,32,149
mixed-05,mixed,full,0,0,16,16,16,32,149
mixed-05,mixed,sum,24,7.235294117647059,2,2,2,16,133
mixed-05,mixed,approx,16,4.647058823529412,2,2,2,24,141
mixed-05,mixed,repaired,0,0,16,16,16,32,149
mixed-06,mixed,full,0,0,16,16,16,32,149
mixed-06,mixed,sum,4,0.47058823529411764,12,12,12,16,133
mixed-06,mixed,approx,15,3.176470588235294,12,12,12,24,141
mixed-06,mixed,repaired,0,0,16,16,16,32,149
mixed-07,mixed,full,0,0,16,16,16,32,149
mixed-07,mixed,sum,44,8.794117647058824,1,1,1,16,133
mixed-07,mixed,approx,36,6.323529411764706,1,1,1,24,141
mixed-07,mixed,repaired,0,0,16,16,16,32,149
mixed-08,mixed,full,0,0,16,16,16,32,149
mixed-08,mixed,sum,4,0.5882352941176471,11,11,11,16,133
mixed-08,mixed,approx,15,3.9705882352941178,11,11,11,24,141
mixed-08,mixed,repaired,0,0,16,16,16,32,149
mixed-09,mixed,full,0,0,16,16,16,32,149
mixed-09,mixed,sum,44,9.970588235294118,0,0,0,16,133
mixed-09,mixed,approx,36,7.5,0,0,0,24,141
mixed-09,mixed,repaired,0,0,16,16,16,32,149
mixed-10,mixed,full,0,0,16,16,16,32,149
mixed-10,mixed,sum,5,0.7941176470588235,10,10,10,16,133
mixed-10,mixed,approx,13,4.0588235294117645,10,10,10,24,141
mixed-10,mixed,repaired,0,0,16,16,16,32,149
mixed-11,mixed,full,0,0,16,16,16,32,149
mixed-11,mixed,sum,37,7.647058823529412,2,2,2,16,133
mixed-11,mixed,approx,33,7.176470588235294,2,2,2,24,141
mixed-11,mixed,repaired,0,0,16,16,16,32,149
mixed-12,mixed,full,0,0,16,16,16,32,149
mixed-12,mixed,sum,5,0.9264705882352942,9,9,9,16,133
mixed-12,mixed,approx,13,4.735294117647059,9,9,9,24,141
mixed-12,mixed,repaired,0,0,16,16,16,32,149
mixed-13,mixed,full,0,0,16,16,16,32,149
mixed-13,mixed,sum,29,5.485294117647059,1,1,1,16,133
mixed-13,mixed,approx,25,5.088235294117647,1,1,1,24,141
mixed-13,mixed,repaired,0,0,16,16,16,32,149
mixed-14,mixed,full,0,0,16,16,16,32,149
mixed-14,mixed,sum,6,1.2941176470588236,8,8,8,16,133
mixed-14,mixed,approx,10,4,8,8,8,24,141
mixed-14,mixed,repaired,0,0,16,16,16,32,149
mixed-15,mixed,full,0,0,16,16,16,32,149
mixed-15,mixed,sum,37,6.632352941176471,0,0,0,16,133
mixed-15,mixed,approx,41,7.0588235294117645,0,0,0,24,141
mixed-15,mixed,repaired,0,0,16,16,16,32,149
mixed-16,mixed,full,0,0,16,16,16,32,149
mixed-16,mixed,sum,6,1.4558823529411764,7,7,7,16,133
mixed-16,mixed,approx,10,4.5,7,7,7,24,141
mixed-16,mixed,repaired,0,0,16,16,16,32,149
mixed-17,mixed,full,0,0,16,16,16,32,149
mixed-17,mixed,sum,30,4.279411764705882,7,7,7,16,133
mixed-17,mixed,approx,38,7.529411764705882,7,7,7,24,141
mixed-17,mixed,repaired,0,0,16,16,16,32,149
mixed-18,mixed,full,0,0,16,16,16,32,149
mixed-18,mixed,sum,12,1.8088235294117647,6,6,6,16,133
mixed-18,mixed,approx,48,7.0588235294117645,6,6,6,24,141
mixed-18,mixed,repaired,0,0,16,16,16,32,149
mixed-19,mixed,full,0,0,16,16,16,32,149
mixed-19,mixed,sum,30,4.8088235294117645,6,6,6,16,133
mixed-19,mixed,approx,38,7.823529411764706,6,6,6,24,141
mixed-19,mixed,repaired,0,0,16,16,16,32,149
mixed-20,mixed,full,0,0,16,16,16,32,149
mixed-20,mixed,sum,15,2.2794117647058822,5,5,5,16,133
mixed-20,mixed,approx,67,10.647058823529411,5,5,5,24,141
mixed-20,mixed,repaired,0,0,16,16,16,32,149
mixed-21,mixed,full,0,0,16,16,16,32,149
mixed-21,mixed,sum,30,5.338235294117647,5,5,5,16,133
mixed-21,mixed,approx,38,8.117647058823529,5,5,5,24,141
mixed-21,mixed,repaired,0,0,16,16,16,32,149
mixed-22,mixed,full,0,0,16,16,16,32,149
mixed-22,mixed,sum,19,3.161764705882353,4,4,4,16,133
mixed-22,mixed,approx,55,9.852941176470589,4,4,4,24,141
mixed-22,mixed,repaired,0,0,16,16,16,32,149
mixed-23,mixed,full,0,0,16,16,16,32,149
mixed-23,mixed,sum,30,5.867647058823529,4,4,4,16,133
mixed-23,mixed,approx,38,8.411764705882353,4,4,4,24,141
mixed-23,mixed,repaired,0,0,16,16,16,32,149
mixed-24,mixed,full,0,0,16,16,16,32,149
mixed-24,mixed,sum,15,2.985294117647059,3,3,3,16,133
mixed-24,mixed,approx,51,10.588235294117647,3,3,3,24,141
mixed-24,mixed,repaired,0,0,16,16,16,32,149
mixed-25,mixed,full,0,0,16,16,16,32,149
mixed-25,mixed,sum,34,8,3,3,3,16,133
mixed-25,mixed,approx,26,4.470588235294118,3,3,3,24,141
mixed-25,mixed,repaired,0,0,16,16,16,32,149
mixed-26,mixed,full,0,0,16,16,16,32,149
mixed-26,mixed,sum,15,3.1470588235294117,2,2,2,16,133
mixed-26,mixed,approx,51,10.852941176470589,2,2,2,24,141
mixed-26,mixed,repaired,0,0,16,16,16,32,149
mixed-27,mixed,full,0,0,16,16,16,32,149
mixed-27,mixed,sum,34,8.647058823529411,2,2,2,16,133
mixed-27,mixed,approx,26,4.588235294117647,2,2,2,24,141
mixed-27,mixed,repaired,0,0,16,16,16,32,149
mixed-28,mixed,full,0,0,16,16,16,32,149
mixed-28,mixed,sum,15,3.5,1,1,1,16,133
mixed-28,mixed,approx,51,12.705882352941176,1,1,1,24,141
mixed-28,mixed,repaired,0,0,16,16,16,32,149
mixed-29,mixed,full,0,0,16,16,16,32,149
mixed-29,mixed,sum,34,9.323529411764707,1,1,1,16,133
mixed-29,mixed,approx,26,5.382352941176471,1,1,1,24,141
mixed-29,mixed,repaired,0,0,16,16,16,32,149
mixed-30,mixed,full,0,0,16,16,16,32,149
mixed-30,mixed,sum,19,4.5588235294117645,0,0,0,16,133
mixed-30,mixed,approx,39,9.441176470588236,0,0,0,24,141
mixed-30,mixed,repaired,0,0,16,16,16,32,149
mixed-31,mixed,full,0,0,16,16,16,32,149
mixed-31,mixed,sum,34,10,0,0,0,16,133
mixed-31,mixed,approx,26,6.176470588235294,0,0,0,24,141
mixed-31,mixed,repaired,0,0,16,16,16,32,149
mixed-32,mixed,full,0,0,16,16,16,32,149
mixed-32,mixed,sum,12,1.7647058823529411,8,8,8,16,133
mixed-32,mixed,approx,36,9.264705882352942,8,8,8,24,141
mixed-32,mixed,repaired,0,0,16,16,16,32,149
mixed-33,mixed,full,0,0,16,16,16,32,149
mixed-33,mixed,sum,27,7.176470588235294,2,2,2,16,133
mixed-33,mixed,approx,23,6.0588235294117645,2,2,2,24,141
mixed-33,mixed,repaired,0,0,16,16,16,32,149
mixed-34,mixed,full,0,0,16,16,16,32,149
mixed-34,mixed,sum,12,2,7,7,7,16,133
mixed-34,mixed,approx,36,10.5,7,7,7,24,141
mixed-34,mixed,repaired,0,0,16,16,16,32,149
mixed-35,mixed,full,0,0,16,16,16,32,149
mixed-35,mixed,sum,21,5.0588235294117645,1,1,1,16,133
mixed-35,mixed,approx,17,5.117647058823529,1,1,1,24,141
mixed-35,mixed,repaired,0,0,16,16,16,32,149
mixed-36,mixed,full,0,0,16,16,16,32,149
mixed-36,mixed,sum,15,2.514705882352941,6,6,6,16,133
mixed-36,mixed,approx,27,8.382352941176471,6,6,6,24,141
mixed-36,mixed,repaired,0,0,16,16,16,32,149
mixed-37,mixed,full,0,0,16,16,16,32,149
mixed-37,mixed,sum,21,5.352941176470588,0,0,0,16,133
mixed-37,mixed,approx,17,5.588235294117647,0,0,0,24,141
mixed-37,mixed,repaired,0,0,16,16,16,32,149
mixed-38,mixed,full,0,0,16,16,16,32,149
mixed-38,mixed,sum,21,4.323529411764706,5,5,5,16,133
mixed-38,mixed,approx,21,6.794117647058823,5,5,5,24,141
mixed-38,mixed,repaired,0,0,16,16,16,32,149
mixed-39,mixed,full,0,0,16,16,16,32,149
mixed-39,mixed,sum,7,2.75,0,0,0,16,133
mixed-39,mixed,approx,11,5.352941176470588,0,0,0,24,141
mixed-39,mixed,repaired,0,0,16,16,16,32,149
mixed-40,mixed,full,0,0,16,16,16,32,149
mixed-40,mixed,sum,27,7.4411764705882355,4,4,4,16,133
mixed-40,mixed,approx,15,4.735294117647059,4,4,4,24,141
mixed-40,mixed,repaired,0,0,16,16,16,32,149
mixed-41,mixed,full,0,0,16,16,16,32,149
mixed-41,mixed,sum,14,2.235294117647059,2,2,2,16,133
mixed-41,mixed,approx,14,5.735294117647059,2,2,2,24,141
mixed-41,mixed,repaired,0,0,16,16,16,32,149
mixed-42,mixed,full,0,0,16,16,16,32,149
mixed-42,mixed,sum,27,7.5588235294117645,3,3,3,16,133
mixed-42,mixed,approx,15,5.088235294117647,3,3,3,24,141
mixed-42,mixed,repaired,0,0,16,16,16,32,149
mixed-43,mixed,full,0,0,16,16,16,32,149
mixed-43,mixed,sum,16,2.7058823529411766,1,1,1,16,133
mixed-43,mixed,approx,8,4,1,1,1,24,141
mixed-43,mixed,repaired,0,0,16,16,16,32,149
mixed-44,mixed,full,0,0,16,16,16,32,149
mixed-44,mixed,sum,27,7.676470588235294,2,2,2,16,133
mixed-44,mixed,approx,15,5.4411764705882355,2,2,2,24,141
mixed-44,mixed,repaired,0,0,16,16,16,32,149
mixed-45,mixed,full,0,0,16,16,16,32,149
mixed-45,mixed,sum,14,2.4705882352941178,0,0,0,16,133
mixed-45,mixed,approx,6,3.4411764705882355,0,0,0,24,141
mixed-45,mixed,repaired,0,0,16,16,16,32,149
mixed-46,mixed,full,0,0,16,16,16,32,149
mixed-46,mixed,sum,27,8.088235294117647,1,1,1,16,133
mixed-46,mixed,approx,22,6.5588235294117645,1,1,1,24,141
mixed-46,mixed,repaired,0,0,16,16,16,32,149
mixed-47,mixed,full,0,0,16,16,16,32,149
mixed-47,mixed,sum,12,5.4411764705882355,1,1,1,16,133
mixed-47,mixed,approx,12,3.235294117647059,1,1,1,24,141
mixed-47,mixed,repaired,0,0,16,16,16,32,149
mixed-48,mixed,full,0,0,16,16,16,32,149
mixed-48,mixed,sum,22,5.823529411764706,0,0,0,16,133
mixed-48,mixed,approx,30,5.029411764705882,0,0,0,24,141
mixed-48,mixed,repaired,0,0,16,16,16,32,149
mixed-49,mixed,full,0,0,16,16,16,32,149
mixed-49,mixed,sum,14,6.911764705882353,0,0,0,16,133
mixed-49,mixed,approx,6,2.5,0,0,0,24,141
mixed-49,mixed,repaired,0,0,16,16,16,32,149
mixed-50,mixed,full,0,0,16,16,16,32,149
mixed-50,mixed,sum,36,3.8529411764705883,0,0,0,16,133
mixed-50,mixed,approx,36,5.5588235294117645,0,0,0,24,141
mixed-50,mixed,repaired,0,0,16,16,16,32,149
mixed-51,mixed,full,0,0,16,16,16,32,149
mixed-51,mixed,sum,5,1.588235294117647,4,4,4,16,133
mixed-51,mixed,approx,11,4.205882352941177,4,4,4,24,141
mixed-51,mixed,repaired,0,0,16,16,16,32,149
mixed-52,mixed,full,0,0,16,16,16,32,149
mixed-52,mixed,sum,43,7.911764705882353,0,0,0,16,133
mixed-52,mixed,approx,39,8.470588235294118,0,0,0,24,141
mixed-52,mixed,repaired,0,0,16,16,16,32,149
mixed-53,mixed,full,0,0,16,16,16,32,149
mixed-53,mixed,sum,5,1.8823529411764706,3,3,3,16,133
mixed-53,mixed,approx,11,4.852941176470588,3,3,3,24,141
mixed-53,mixed,repaired,0,0,16,16,16,32,149
mixed-54,mixed,full,0,0,16,16,16,32,149
mixed-54,mixed,sum,36,5.588235294117647,1,1,1,16,133
mixed-54,mixed,approx,36,8.647058823529411,1,1,1,24,141
mixed-54,mixed,repaired,0,0,16,16,16,32,149
mixed-55,mixed,full,0,0,16,16,16,32,149
mixed-55,mixed,sum,5,2.176470588235294,2,2,2,16,133
mixed-55,mixed,approx,11,5.5,2,2,2,24,141
mixed-55,mixed,repaired,0,0,16,16,16,32,149
mixed-56,mixed,full,0,0,16,16,16,32,149
mixed-56,mixed,sum,36,6.5588235294117645,0,0,0,16,133
mixed-56,mixed,approx,36,10.235294117647058,0,0,0,24,141
mixed-56,mixed,repaired,0,0,16,16,16,32,149
mixed-57,mixed,full,0,0,16,16,16,32,149
mixed-57,mixed,sum,5,2.6323529411764706,1,1,1,16,133
mixed-57,mixed,approx,11,4.852941176470588,1,1,1,24,141
mixed-57,mixed,repaired,0,0,16,16,16,32,149
mixed-58,mixed,full,0,0,16,16,16,32,149
mixed-58,mixed,sum,22,6.911764705882353,0,0,0,16,133
mixed-58,mixed,approx,30,11.294117647058824,0,0,0,24,141
mixed-58,mixed,repaired,0,0,16,16,16,32,149
mixed-59,mixed,full,0,0,16,16,16,32,149
mixed-59,mixed,sum,15,3.911764705882353,0,0,0,16,133
mixed-59,mixed,approx,39,5.676470588235294,0,0,0,24,141
mixed-59,mixed,repaired,0,0,16,16,16,32,149
mixed-60,mixed,full,0,0,16,16,16,32,149
mixed-60,mixed,sum,36,8.014705882352942,6,6,6,16,133
mixed-60,mixed,approx,36,12.852941176470589,6,6,6,24,141
mixed-60,mixed,repaired,0,0,16,16,16,32,149
mixed-61,mixed,full,0,0,16,16,16,32,149
mixed-61,mixed,sum,15,1.3235294117647058,10,10,10,16,133
mixed-61,mixed,approx,42,7.352941176470588,10,10,10,24,141
mixed-61,mixed,repaired,0,0,16,16,16,32,149
mixed-62,mixed,full,0,0,16,16,16,32,149
mixed-62,mixed,sum,36,8.911764705882353,5,5,5,16,133
mixed-62,mixed,approx,36,14.058823529411764,5,5,5,24,141
mixed-62,mixed,repaired,0,0,16,16,16,32,149
mixed-63,mixed,full,0,0,16,16,16,32,149
mixed-63,mixed,sum,15,1.7205882352941178,9,9,9,16,133
mixed-63,mixed,approx,42,9.558823529411764,9,9,9,24,141
mixed-63,mixed,repaired,0,0,16,16,16,32,149
