scenario,group,mode,maxError,mae,horizon0,stateBits,totalBits
transfer,transfer,full,0,0,16,48,165
transfer,transfer,sum,0,0,16,16,133
transfer,transfer,approx,0,0,16,24,141
transfer,transfer,repaired,0,0,16,32,149
add,add,full,0,0,16,48,165
add,add,sum,0,0,16,16,133
add,add,approx,0,0,16,24,141
add,add,repaired,0,0,16,32,149
interaction,interaction,full,0,0,16,48,165
interaction,interaction,sum,48,24,0,16,133
interaction,interaction,approx,48,24,0,24,141
interaction,interaction,repaired,0,0,16,32,149
safe,safe,full,0,0,16,48,165
safe,safe,sum,0,0,16,16,133
safe,safe,approx,0,0,16,24,141
safe,safe,repaired,0,0,16,32,149
boundary,boundary,full,0,0,16,48,165
boundary,boundary,sum,42,18.529411764705884,2,16,133
boundary,boundary,approx,42,18.529411764705884,2,24,141
boundary,boundary,repaired,0,0,16,32,149
mixed-00,mixed,full,0,0,16,48,165
mixed-00,mixed,sum,6,3.0588235294117645,0,16,133
mixed-00,mixed,approx,12,3.5294117647058822,0,24,141
mixed-00,mixed,repaired,0,0,16,32,149
mixed-01,mixed,full,0,0,16,48,165
mixed-01,mixed,sum,6,2.411764705882353,4,16,133
mixed-01,mixed,approx,22,7.823529411764706,4,24,141
mixed-01,mixed,repaired,0,0,16,32,149
mixed-02,mixed,full,0,0,16,48,165
mixed-02,mixed,sum,3,0.29411764705882354,0,16,133
mixed-02,mixed,approx,15,1.9411764705882353,0,24,141
mixed-02,mixed,repaired,0,0,16,32,149
mixed-03,mixed,full,0,0,16,48,165
mixed-03,mixed,sum,6,2.764705882352941,3,16,133
mixed-03,mixed,approx,22,9.117647058823529,3,24,141
mixed-03,mixed,repaired,0,0,16,32,149
mixed-04,mixed,full,0,0,16,48,165
mixed-04,mixed,sum,3,2.6470588235294117,0,16,133
mixed-04,mixed,approx,18,5.470588235294118,0,24,141
mixed-04,mixed,repaired,0,0,16,32,149
mixed-05,mixed,full,0,0,16,48,165
mixed-05,mixed,sum,12,6.411764705882353,2,16,133
mixed-05,mixed,approx,16,7.117647058823529,2,24,141
mixed-05,mixed,repaired,0,0,16,32,149
mixed-06,mixed,full,0,0,16,48,165
mixed-06,mixed,sum,1,0.23529411764705882,12,16,133
mixed-06,mixed,approx,15,3.5294117647058822,12,24,141
mixed-06,mixed,repaired,0,0,16,32,149
mixed-07,mixed,full,0,0,16,48,165
mixed-07,mixed,sum,24,7.823529411764706,1,16,133
mixed-07,mixed,approx,36,9.235294117647058,1,24,141
mixed-07,mixed,repaired,0,0,16,32,149
mixed-08,mixed,full,0,0,16,48,165
mixed-08,mixed,sum,1,0.29411764705882354,11,16,133
mixed-08,mixed,approx,15,4.411764705882353,11,24,141
mixed-08,mixed,repaired,0,0,16,32,149
mixed-09,mixed,full,0,0,16,48,165
mixed-09,mixed,sum,24,8.882352941176471,0,16,133
mixed-09,mixed,approx,36,10.764705882352942,0,24,141
mixed-09,mixed,repaired,0,0,16,32,149
mixed-10,mixed,full,0,0,16,48,165
mixed-10,mixed,sum,1,0.35294117647058826,10,16,133
mixed-10,mixed,approx,13,4.588235294117647,10,24,141
mixed-10,mixed,repaired,0,0,16,32,149
mixed-11,mixed,full,0,0,16,48,165
mixed-11,mixed,sum,21,6.9411764705882355,2,16,133
mixed-11,mixed,approx,33,9.294117647058824,2,24,141
mixed-11,mixed,repaired,0,0,16,32,149
mixed-12,mixed,full,0,0,16,48,165
mixed-12,mixed,sum,1,0.4117647058823529,9,16,133
mixed-12,mixed,approx,13,5.352941176470588,9,24,141
mixed-12,mixed,repaired,0,0,16,32,149
mixed-13,mixed,full,0,0,16,48,165
mixed-13,mixed,sum,13,4.647058823529412,1,16,133
mixed-13,mixed,approx,25,7.470588235294118,1,24,141
mixed-13,mixed,repaired,0,0,16,32,149
mixed-14,mixed,full,0,0,16,48,165
mixed-14,mixed,sum,2,0.9411764705882353,8,16,133
mixed-14,mixed,approx,10,4.705882352941177,8,24,141
mixed-14,mixed,repaired,0,0,16,32,149
mixed-15,mixed,full,0,0,16,48,165
mixed-15,mixed,sum,17,5.647058823529412,0,16,133
mixed-15,mixed,approx,41,9.882352941176471,0,24,141
mixed-15,mixed,repaired,0,0,16,32,149
mixed-16,mixed,full,0,0,16,48,165
mixed-16,mixed,sum,2,1.0588235294117647,7,16,133
mixed-16,mixed,approx,10,5.294117647058823,7,24,141
mixed-16,mixed,repaired,0,0,16,32,149
mixed-17,mixed,full,0,0,16,48,165
mixed-17,mixed,sum,14,3.6470588235294117,7,16,133
mixed-17,mixed,approx,38,9.294117647058824,7,24,141
mixed-17,mixed,repaired,0,0,16,32,149
mixed-18,mixed,full,0,0,16,48,165
mixed-18,mixed,sum,2,1.0588235294117647,6,16,133
mixed-18,mixed,approx,48,8.117647058823529,6,24,141
mixed-18,mixed,repaired,0,0,16,32,149
mixed-19,mixed,full,0,0,16,48,165
mixed-19,mixed,sum,14,4.117647058823529,6,16,133
mixed-19,mixed,approx,38,9.764705882352942,6,24,141
mixed-19,mixed,repaired,0,0,16,32,149
mixed-20,mixed,full,0,0,16,48,165
mixed-20,mixed,sum,2,1.1176470588235294,5,16,133
mixed-20,mixed,approx,67,12.058823529411764,5,24,141
mixed-20,mixed,repaired,0,0,16,32,149
mixed-21,mixed,full,0,0,16,48,165
mixed-21,mixed,sum,14,4.588235294117647,5,16,133
mixed-21,mixed,approx,38,10.235294117647058,5,24,141
mixed-21,mixed,repaired,0,0,16,32,149
mixed-22,mixed,full,0,0,16,48,165
mixed-22,mixed,sum,3,2.1176470588235294,4,16,133
mixed-22,mixed,approx,55,11.529411764705882,4,24,141
mixed-22,mixed,repaired,0,0,16,32,149
mixed-23,mixed,full,0,0,16,48,165
mixed-23,mixed,sum,14,5.0588235294117645,4,16,133
mixed-23,mixed,approx,38,10.705882352941176,4,24,141
mixed-23,mixed,repaired,0,0,16,32,149
mixed-24,mixed,full,0,0,16,48,165
mixed-24,mixed,sum,2,1.1176470588235294,3,16,133
mixed-24,mixed,approx,51,12.529411764705882,3,24,141
mixed-24,mixed,repaired,0,0,16,32,149
mixed-25,mixed,full,0,0,16,48,165
mixed-25,mixed,sum,18,7.176470588235294,3,16,133
mixed-25,mixed,approx,26,6.235294117647059,3,24,141
mixed-25,mixed,repaired,0,0,16,32,149
mixed-26,mixed,full,0,0,16,48,165
mixed-26,mixed,sum,2,1.2352941176470589,2,16,133
mixed-26,mixed,approx,51,12.882352941176471,2,24,141
mixed-26,mixed,repaired,0,0,16,32,149
mixed-27,mixed,full,0,0,16,48,165
mixed-27,mixed,sum,18,7.764705882352941,2,16,133
mixed-27,mixed,approx,26,6.352941176470588,2,24,141
mixed-27,mixed,repaired,0,0,16,32,149
mixed-28,mixed,full,0,0,16,48,165
mixed-28,mixed,sum,2,1.2352941176470589,1,16,133
mixed-28,mixed,approx,51,15,1,24,141
mixed-28,mixed,repaired,0,0,16,32,149
mixed-29,mixed,full,0,0,16,48,165
mixed-29,mixed,sum,18,8.352941176470589,1,16,133
mixed-29,mixed,approx,26,7.411764705882353,1,24,141
mixed-29,mixed,repaired,0,0,16,32,149
mixed-30,mixed,full,0,0,16,48,165
mixed-30,mixed,sum,3,2.823529411764706,0,16,133
mixed-30,mixed,approx,39,12,0,24,141
mixed-30,mixed,repaired,0,0,16,32,149
mixed-31,mixed,full,0,0,16,48,165
mixed-31,mixed,sum,18,8.941176470588236,0,16,133
mixed-31,mixed,approx,26,8.470588235294118,0,24,141
mixed-31,mixed,repaired,0,0,16,32,149
mixed-32,mixed,full,0,0,16,48,165
mixed-32,mixed,sum,0,0,16,16,133
mixed-32,mixed,approx,36,10.588235294117647,8,24,141
mixed-32,mixed,repaired,0,0,16,32,149
mixed-33,mixed,full,0,0,16,48,165
mixed-33,mixed,sum,15,6.529411764705882,2,16,133
mixed-33,mixed,approx,23,7.117647058823529,2,24,141
mixed-33,mixed,repaired,0,0,16,32,149
mixed-34,mixed,full,0,0,16,48,165
mixed-34,mixed,sum,0,0,16,16,133
mixed-34,mixed,approx,36,12,7,24,141
mixed-34,mixed,repaired,0,0,16,32,149
mixed-35,mixed,full,0,0,16,48,165
mixed-35,mixed,sum,9,4.117647058823529,1,16,133
mixed-35,mixed,approx,17,6.352941176470588,1,24,141
mixed-35,mixed,repaired,0,0,16,32,149
mixed-36,mixed,full,0,0,16,48,165
mixed-36,mixed,sum,3,1.1176470588235294,6,16,133
mixed-36,mixed,approx,27,10.058823529411764,6,24,141
mixed-36,mixed,repaired,0,0,16,32,149
mixed-37,mixed,full,0,0,16,48,165
mixed-37,mixed,sum,9,4.294117647058823,0,16,133
mixed-37,mixed,approx,17,7,0,24,141
mixed-37,mixed,repaired,0,0,16,32,149
mixed-38,mixed,full,0,0,16,48,165
mixed-38,mixed,sum,9,3.7058823529411766,5,16,133
mixed-38,mixed,approx,21,8.647058823529411,5,24,141
mixed-38,mixed,repaired,0,0,16,32,149
mixed-39,mixed,full,0,0,16,48,165
mixed-39,mixed,sum,3,2.235294117647059,0,16,133
mixed-39,mixed,approx,11,6.235294117647059,0,24,141
mixed-39,mixed,repaired,0,0,16,32,149
mixed-40,mixed,full,0,0,16,48,165
mixed-40,mixed,sum,15,6.764705882352941,4,16,133
mixed-40,mixed,approx,15,6.764705882352941,4,24,141
mixed-40,mixed,repaired,0,0,16,32,149
mixed-41,mixed,full,0,0,16,48,165
mixed-41,mixed,sum,6,1.2941176470588236,2,16,133
mixed-41,mixed,approx,14,6.705882352941177,2,24,141
mixed-41,mixed,repaired,0,0,16,32,149
mixed-42,mixed,full,0,0,16,48,165
mixed-42,mixed,sum,15,6.882352941176471,3,16,133
mixed-42,mixed,approx,15,7.117647058823529,3,24,141
mixed-42,mixed,repaired,0,0,16,32,149
mixed-43,mixed,full,0,0,16,48,165
mixed-43,mixed,sum,8,2,1,16,133
mixed-43,mixed,approx,8,5.0588235294117645,1,24,141
mixed-43,mixed,repaired,0,0,16,32,149
mixed-44,mixed,full,0,0,16,48,165
mixed-44,mixed,sum,15,7,2,16,133
mixed-44,mixed,approx,15,7.470588235294118,2,24,141
mixed-44,mixed,repaired,0,0,16,32,149
mixed-45,mixed,full,0,0,16,48,165
mixed-45,mixed,sum,6,1.2941176470588236,0,16,133
mixed-45,mixed,approx,6,4.588235294117647,0,24,141
mixed-45,mixed,repaired,0,0,16,32,149
mixed-46,mixed,full,0,0,16,48,165
mixed-46,mixed,sum,15,7.352941176470588,1,16,133
mixed-46,mixed,approx,22,8.764705882352942,1,24,141
mixed-46,mixed,repaired,0,0,16,32,149
mixed-47,mixed,full,0,0,16,48,165
mixed-47,mixed,sum,6,4.705882352941177,1,16,133
mixed-47,mixed,approx,12,4.705882352941177,1,24,141
mixed-47,mixed,repaired,0,0,16,32,149
mixed-48,mixed,full,0,0,16,48,165
mixed-48,mixed,sum,9,4.764705882352941,0,16,133
mixed-48,mixed,approx,30,7.588235294117647,0,24,141
mixed-48,mixed,repaired,0,0,16,32,149
mixed-49,mixed,full,0,0,16,48,165
mixed-49,mixed,sum,7,6.294117647058823,0,16,133
mixed-49,mixed,approx,6,2.411764705882353,0,24,141
mixed-49,mixed,repaired,0,0,16,32,149
mixed-50,mixed,full,0,0,16,48,165
mixed-50,mixed,sum,12,2.8823529411764706,0,16,133
mixed-50,mixed,approx,36,7.588235294117647,0,24,141
mixed-50,mixed,repaired,0,0,16,32,149
mixed-51,mixed,full,0,0,16,48,165
mixed-51,mixed,sum,5,0.9411764705882353,4,16,133
mixed-51,mixed,approx,11,5.176470588235294,4,24,141
mixed-51,mixed,repaired,0,0,16,32,149
mixed-52,mixed,full,0,0,16,48,165
mixed-52,mixed,sum,15,6.235294117647059,0,16,133
mixed-52,mixed,approx,39,12.352941176470589,0,24,141
mixed-52,mixed,repaired,0,0,16,32,149
mixed-53,mixed,full,0,0,16,48,165
mixed-53,mixed,sum,5,1.2352941176470589,3,16,133
mixed-53,mixed,approx,11,5.823529411764706,3,24,141
mixed-53,mixed,repaired,0,0,16,32,149
mixed-54,mixed,full,0,0,16,48,165
mixed-54,mixed,sum,12,4.117647058823529,1,16,133
mixed-54,mixed,approx,36,11.647058823529411,1,24,141
mixed-54,mixed,repaired,0,0,16,32,149
mixed-55,mixed,full,0,0,16,48,165
mixed-55,mixed,sum,5,1.5294117647058822,2,16,133
mixed-55,mixed,approx,11,6.470588235294118,2,24,141
mixed-55,mixed,repaired,0,0,16,32,149
mixed-56,mixed,full,0,0,16,48,165
mixed-56,mixed,sum,12,4.823529411764706,0,16,133
mixed-56,mixed,approx,36,13.764705882352942,0,24,141
mixed-56,mixed,repaired,0,0,16,32,149
mixed-57,mixed,full,0,0,16,48,165
mixed-57,mixed,sum,5,1.8235294117647058,1,16,133
mixed-57,mixed,approx,11,5.823529411764706,1,24,141
mixed-57,mixed,repaired,0,0,16,32,149
mixed-58,mixed,full,0,0,16,48,165
mixed-58,mixed,sum,6,4.9411764705882355,0,16,133
mixed-58,mixed,approx,30,14.823529411764707,0,24,141
mixed-58,mixed,repaired,0,0,16,32,149
mixed-59,mixed,full,0,0,16,48,165
mixed-59,mixed,sum,9,3.6470588235294117,0,16,133
mixed-59,mixed,approx,39,6.823529411764706,0,24,141
mixed-59,mixed,repaired,0,0,16,32,149
mixed-60,mixed,full,0,0,16,48,165
mixed-60,mixed,sum,12,5.882352941176471,6,16,133
mixed-60,mixed,approx,36,17.176470588235293,6,24,141
mixed-60,mixed,repaired,0,0,16,32,149
mixed-61,mixed,full,0,0,16,48,165
mixed-61,mixed,sum,6,1.1764705882352942,10,16,133
mixed-61,mixed,approx,42,8.235294117647058,10,24,141
mixed-61,mixed,repaired,0,0,16,32,149
mixed-62,mixed,full,0,0,16,48,165
mixed-62,mixed,sum,12,6.588235294117647,5,16,133
mixed-62,mixed,approx,36,18.823529411764707,5,24,141
mixed-62,mixed,repaired,0,0,16,32,149
mixed-63,mixed,full,0,0,16,48,165
mixed-63,mixed,sum,6,1.5294117647058822,9,16,133
mixed-63,mixed,approx,42,10.705882352941176,9,24,141
mixed-63,mixed,repaired,0,0,16,32,149
